student name,age,average mark,gender,phone number,first name,second name
Willie Gray,22,8.6,m,6246471345.320712,Willie,Gray
Phyllis Deloach,25,6.09,f,8037708245.863899,Phyllis,Deloach
Dewey Killingsworth,20,9.31,m,8803925100.079445,Dewey,Killingsworth
Patricia Daniels,29,8.39,f,4472409941.736574,Patricia,Daniels
Anne Mandrell,19,9.63,f,5054192772.924537,Anne,Mandrell
Verdell Crawford,30,8.86,m,8643631427.378166,Verdell,Crawford
Mario Lilley,24,5.78,m,8985151736.085583,Mario,Lilley
Francisco Jones,25,9.01,m,8418046706.311653,Francisco,Jones
Donald Laurent,29,4.34,m,3878412045.5683894,Donald,Laurent
Denise Via,27,8.11,f,4260617373.671538,Denise,Via
Scott Lange,19,6.65,m,4217774633.1394587,Scott,Lange
Brenda Silva,30,7.53,f,3187348469.379377,Brenda,Silva
James Ross,29,6.72,m,6196133905.253608,James,Ross
Kimberly Brown,18,7.05,f,9870085232.246351,Kimberly,Brown
Heather Winnike,25,4.25,f,3788926313.105811,Heather,Winnike
Benjamin Getty,25,7.85,m,8087799941.043418,Benjamin,Getty
Linda Crider,26,9.52,f,9184878376.541454,Linda,Crider
Garrett Mitchell,18,4.01,m,9385193291.450008,Garrett,Mitchell
Thomas Roberts,28,5.28,m,7881594996.667856,Thomas,Roberts
Pauline Montoya,29,9.09,f,5445933080.711957,Pauline,Montoya
Georgia Wilson,27,6.52,f,2832611556.100381,Georgia,Wilson
Roberta Kelly,23,8.09,f,3091173449.0606775,Roberta,Kelly
Johnny Jennings,22,7.54,m,9441885004.957325,Johnny,Jennings
Sherry Grant,28,4.43,f,9858901568.486767,Sherry,Grant
Andrew Schmidt,29,7.55,m,6116837235.782919,Andrew,Schmidt
Carole Tewani,20,6.49,f,7805852643.251648,Carole,Tewani
Linda Miller,23,6.79,f,6402881759.103462,Linda,Miller
Mary Glasser,30,9.77,f,5120417549.392306,Mary,Glasser
Ruby Greig,21,7.59,f,3844846365.9677343,Ruby,Greig
Rosie Watkins,26,4.08,f,9241601427.863918,Rosie,Watkins
Wilma Dominguez,26,6.94,f,4566942944.753204,Wilma,Dominguez
Daniel Youd,20,9.67,m,1336752220.8044305,Daniel,Youd
Tamara Harris,24,9.92,f,5010540752.376833,Tamara,Harris
Arnoldo Ewert,24,9.54,m,3980798750.2974014,Arnoldo,Ewert
John Velazquez,18,8.5,m,2813317023.330679,John,Velazquez
Audrey Camille,30,4.15,m,6716143273.825299,Audrey,Camille
Helen Klein,18,6.5,f,7778623354.591092,Helen,Klein
Eric Ruegg,22,8.48,m,8439150246.455093,Eric,Ruegg
Vera Charles,22,5.81,f,4626337186.8515625,Vera,Charles
Annie Sudbeck,28,9.85,f,5459343474.961791,Annie,Sudbeck
Michael Clark,20,5.8,m,8255548593.013166,Michael,Clark
Rosa Thomas,30,4.17,f,3322765487.038772,Rosa,Thomas
Daisy Granados,22,4.12,f,4921936291.430602,Daisy,Granados
Betty Mabry,18,5.74,f,3259731324.485415,Betty,Mabry
Bertha Gary,26,8.26,m,2965177678.604748,Bertha,Gary
Vickie Laigo,21,8.89,f,1937485306.356903,Vickie,Laigo
Richard Grant,24,9.07,m,7330004243.843723,Richard,Grant
Linda Harrison,27,9.96,f,1579591606.4945707,Linda,Harrison
Phyllis Cole,18,5.31,f,9490198025.373322,Phyllis,Cole
Devin Spencer,25,7.79,m,2628214851.207838,Devin,Spencer
George Guest,28,9.94,m,6367452828.474512,George,Guest
Kim Pyles,30,9.87,f,3832419748.088545,Kim,Pyles
Kristin Dean,18,9.75,m,6060721336.3728695,Kristin,Dean
Clarence Cantu,21,9.19,f,4236744613.3225355,Clarence,Cantu
Kenneth Evans,21,4.86,m,6638426503.236079,Kenneth,Evans
Frank Borgeson,24,9.65,f,8213189156.97503,Frank,Borgeson
Richard Grossman,24,8.42,f,6429782412.006404,Richard,Grossman
Ann White,29,4.26,m,9459978856.963327,Ann,White
Virginia Harris,22,9.29,f,7170476576.807184,Virginia,Harris
Maria Benear,28,9.12,m,2512716284.288949,Maria,Benear
George Leno,30,9.47,m,2386601667.931501,George,Leno
Richard Hamrick,21,8.86,f,5901479519.404179,Richard,Hamrick
Tony Engel,21,9.61,f,1355189684.120736,Tony,Engel
Scott Miller,25,8.95,f,1561644009.9637017,Scott,Miller
Bridget Cotter,29,7.8,m,1319014109.8628523,Bridget,Cotter
Terry Major,30,8.45,f,6033844080.533506,Terry,Major
Maria Boswell,29,8.39,m,6998464338.213444,Maria,Boswell
Ronald Oliver,27,4.15,f,9835734824.63025,Ronald,Oliver
Delilah Howard,20,5.64,f,9272771611.603817,Delilah,Howard
Jose Paul,22,5.41,f,9521972460.532412,Jose,Paul
Francisco Miller,26,8.81,f,6714635834.71865,Francisco,Miller
Josephine Perkins,25,9.58,f,1530787539.4442215,Josephine,Perkins
Gerald Murray,28,7.04,f,5102794560.232449,Gerald,Murray
Janee Bailey,22,6.79,f,4411222680.246506,Janee,Bailey
Martha Pitcher,30,7.6,m,9171031740.028984,Martha,Pitcher
Renee Pagan,24,4.62,m,9600491647.815298,Renee,Pagan
Kenneth Rummel,28,6.6,m,2534406642.8071885,Kenneth,Rummel
Doretha Ferguson,30,8.18,f,8455833783.285176,Doretha,Ferguson
Donald Luevano,24,5.15,m,5035607898.990671,Donald,Luevano
Valerie Mondragon,27,9.54,f,9628248992.054897,Valerie,Mondragon
Gladys Gomez,19,6.36,m,8511521942.047132,Gladys,Gomez
Christin Cross,22,4.4,m,3761455642.604288,Christin,Cross
Robert Birmingham,22,5.73,f,3216905582.110031,Robert,Birmingham
Willie Eskridge,27,6.52,f,9521614270.006771,Willie,Eskridge
Josephina Medina,23,10.0,f,2565902390.7096567,Josephina,Medina
Burl Navarro,27,7.61,f,5455226527.681571,Burl,Navarro
Lila Hill,29,9.83,m,8515249026.151785,Lila,Hill
David Roberts,20,9.41,m,2943201192.456593,David,Roberts
Travis Rhyne,23,8.16,f,3170373626.7911987,Travis,Rhyne
Robert Kirkland,21,4.99,m,8917586650.166695,Robert,Kirkland
John Torres,24,8.33,f,3184211345.2217264,John,Torres
Cindy Nilson,23,8.16,m,4352974810.60877,Cindy,Nilson
Steven Lawson,21,4.37,f,7363981712.231809,Steven,Lawson
Sylvia Kuhn,23,8.91,m,6903932664.473416,Sylvia,Kuhn
Richard Crawford,28,7.76,f,3964544530.9651566,Richard,Crawford
Fred Maestas,28,5.83,m,8582527978.640444,Fred,Maestas
Janie Waterman,22,8.49,m,4053889089.632191,Janie,Waterman
Paula Morales,28,7.51,m,7361055446.032931,Paula,Morales
Lawrence Bentson,27,8.47,m,4690049323.488737,Lawrence,Bentson
Hattie Bramer,18,9.71,f,8481085776.741691,Hattie,Bramer
Cynthia Beegle,20,5.79,f,7527491324.641827,Cynthia,Beegle
Sarah Martindale,26,7.16,m,1088135390.8586736,Sarah,Martindale
Shawn Bonifacio,26,6.26,m,9971448978.329727,Shawn,Bonifacio
Lena Weston,29,8.01,f,2696785471.244011,Lena,Weston
Joyce Beatty,23,9.65,f,8894573387.100689,Joyce,Beatty
Juan Dunn,22,8.26,f,1117473242.9215705,Juan,Dunn
Barry Mckenzie,20,9.63,m,3926175413.889878,Barry,Mckenzie
Doris Kuck,21,5.73,f,8275335634.439093,Doris,Kuck
Kim Cohran,21,5.0,m,9274320474.239456,Kim,Cohran
Robert Martin,25,7.14,m,3792870221.2661324,Robert,Martin
George Jackson,25,9.67,f,6086595439.821177,George,Jackson
David Hayden,19,7.08,m,2643419658.1574426,David,Hayden
David Barnas,20,4.7,f,4382915215.785519,David,Barnas
Amada Duncan,30,9.22,f,7507862933.599374,Amada,Duncan
Kathryn Harryman,28,6.82,m,9452680400.399593,Kathryn,Harryman
Janette Law,26,7.02,m,3697666607.7105184,Janette,Law
Tonja Bull,21,5.36,m,3871751991.2386055,Tonja,Bull
Alissa Belyoussian,25,6.54,m,4951632361.031393,Alissa,Belyoussian
Lou Bible,26,8.37,f,5939961479.193371,Lou,Bible
Marc Bibbs,18,6.26,m,3272540774.7055,Marc,Bibbs
Arthur Kuhl,18,6.48,f,2473428054.8532104,Arthur,Kuhl
Martha Woods,23,6.83,m,2205967433.587447,Martha,Woods
Jeffrey Petty,20,6.36,f,2371072844.0779953,Jeffrey,Petty
Harry Dampeer,21,7.81,f,8093556900.288303,Harry,Dampeer
Wesley Wolf,18,9.2,m,1415324496.3337493,Wesley,Wolf
Elizabeth Lowe,28,7.42,f,2989222398.440309,Elizabeth,Lowe
Marvin Silvas,26,6.27,m,3086053155.200633,Marvin,Silvas
Donald Hardnett,19,7.21,m,4650519589.512495,Donald,Hardnett
Michael Mcdonald,27,9.36,f,7117382608.366664,Michael,Mcdonald
Edna Mahoney,23,5.24,f,5720806238.40267,Edna,Mahoney
Deborah Penn,18,7.98,f,4275998373.823029,Deborah,Penn
Ethel Disher,22,4.28,m,1598503794.304594,Ethel,Disher
Michael Jackson,23,4.31,f,1663947636.2782898,Michael,Jackson
Kevin Houston,19,6.53,m,4553855837.647631,Kevin,Houston
Margaret Branstetter,28,6.57,f,5908792570.847696,Margaret,Branstetter
Billy Henry,27,7.35,f,2649280351.1511574,Billy,Henry
Christopher Mcintire,25,8.54,f,2226067563.956679,Christopher,Mcintire
Amy Martin,21,7.13,f,7024325621.645474,Amy,Martin
Stephanie Grose,27,5.11,f,,Stephanie,Grose
Deanna Kathan,30,8.9,f,7748321607.761229,Deanna,Kathan
Ann Arteaga,26,8.33,m,9586851860.731913,Ann,Arteaga
David Goins,29,6.27,f,2751453133.1757245,David,Goins
Paul Alexander,21,5.24,m,1465468557.956479,Paul,Alexander
Robert Parker,18,8.88,m,6513312189.58981,Robert,Parker
Patricia York,27,6.87,m,3150920530.943996,Patricia,York
Donna Baker,21,4.17,f,7283192592.973981,Donna,Baker
Carla Morris,21,5.92,m,3572330741.266163,Carla,Morris
John Hubbard,27,6.59,f,1427581425.7939823,John,Hubbard
Oscar Linahan,28,4.68,f,4765609498.818146,Oscar,Linahan
David Cain,30,6.75,m,8643653232.817284,David,Cain
Cindy Oconnor,22,4.74,f,6074915286.66447,Cindy,Oconnor
Nicholas Richter,20,8.21,f,6802212548.45107,Nicholas,Richter
Faye Roberge,18,8.49,f,8113443656.965314,Faye,Roberge
Jessica Keenan,21,9.9,m,7123540811.329366,Jessica,Keenan
Rebecca Garcia,22,4.22,f,2837337833.997779,Rebecca,Garcia
Esther Simmering,28,9.31,m,2331178324.131607,Esther,Simmering
Lou Houston,22,9.91,f,3439387543.6148887,Lou,Houston
Rebecca Gillies,19,4.09,f,5684472229.308882,Rebecca,Gillies
Philip Urbanski,21,8.87,m,4397956199.207928,Philip,Urbanski
Teresa Perkins,24,5.85,m,1732627003.5834734,Teresa,Perkins
Mary Holley,25,6.74,f,3692254134.071747,Mary,Holley
Tricia Davanzo,19,5.17,m,3603855902.861506,Tricia,Davanzo
Bridget Mcneal,26,5.46,f,1515556786.18656,Bridget,Mcneal
Douglas Holland,27,6.25,m,3356507802.604779,Douglas,Holland
Justin Whitmer,22,5.62,f,3785089778.4923053,Justin,Whitmer
David Davis,18,6.81,f,8124620781.360382,David,Davis
Frances Kerr,27,8.3,m,3319882395.2390594,Frances,Kerr
Kim Ellis,24,8.32,f,7919911792.16112,Kim,Ellis
Brian Brown,21,6.25,m,2292542271.240981,Brian,Brown
Monica Lubrano,22,8.02,m,2462460772.5080194,Monica,Lubrano
Joyce Skaggs,29,8.43,f,1891806268.398943,Joyce,Skaggs
Penelope Fries,18,6.81,f,5013755047.831312,Penelope,Fries
Alice Randolph,26,8.1,f,1926668321.4395247,Alice,Randolph
Jeffrey Ermitanio,28,9.5,m,1901064305.2518954,Jeffrey,Ermitanio
Stephanie Davis,27,9.36,f,3284176443.796931,Stephanie,Davis
John Snow,30,8.67,m,3942605780.340252,John,Snow
Barbara Gott,23,8.69,f,3094925710.8559437,Barbara,Gott
Sharon Deleon,19,7.66,f,8108527541.159533,Sharon,Deleon
Rigoberto Wilenkin,28,7.71,f,1513578312.6160867,Rigoberto,Wilenkin
Mathew Embree,24,5.97,f,5555294033.252679,Mathew,Embree
Bobby Walker,27,4.85,f,9820371160.99407,Bobby,Walker
Jacqueline Macias,27,8.76,f,6450568019.338641,Jacqueline,Macias
Benjamin Beck,27,8.8,m,8993127411.408932,Benjamin,Beck
Steve Williams,22,6.99,f,8912098676.168844,Steve,Williams
James Elick,29,9.68,m,4194911925.2334585,James,Elick
Elva Diaz,20,7.79,m,5350820614.627361,Elva,Diaz
Terrance Bruce,25,6.96,m,6928278727.525449,Terrance,Bruce
Mark Pearson,24,8.49,f,7668430896.81054,Mark,Pearson
Arthur Lowrey,28,8.1,m,6163324911.479052,Arthur,Lowrey
Scott Lopez,18,4.67,f,1575176356.5334172,Scott,Lopez
Hilario Lewis,24,8.95,m,4895740604.368658,Hilario,Lewis
Esther Urbancic,18,8.93,m,7860551543.53701,Esther,Urbancic
Eric Long,20,4.9,f,5137683205.78484,Eric,Long
Matthew Perry,18,4.48,f,6155628751.24312,Matthew,Perry
Lois Alexander,18,5.42,f,2404354182.5089555,Lois,Alexander
James Brokaw,28,6.26,f,2458084560.099722,James,Brokaw
Donald Lewis,27,8.64,m,6905943011.935464,Donald,Lewis
Amanda Gunderson,22,4.73,m,9363449447.099724,Amanda,Gunderson
Ryan Henricks,29,8.58,f,3836987388.0924435,Ryan,Henricks
Michelle Mori,25,5.38,m,5488764653.659363,Michelle,Mori
Stacy Erickson,22,5.69,f,3630251473.267729,Stacy,Erickson
Kevin Hadley,30,4.64,m,2660106693.322419,Kevin,Hadley
Daniel Lopez,23,4.66,f,9365700893.21254,Daniel,Lopez
Jose Perez,22,4.53,m,1787903577.794169,Jose,Perez
Nina Earp,21,9.88,f,6652883862.363567,Nina,Earp
Richard Stellhorn,21,7.53,m,3184426063.4779177,Richard,Stellhorn
Travis Sanchez,22,5.92,m,3083815656.821619,Travis,Sanchez
Earl Anderson,29,4.2,m,6559226638.068041,Earl,Anderson
Antonio Watts,21,7.73,m,1928624991.1619053,Antonio,Watts
Katia Cowan,19,7.55,f,8315423249.665071,Katia,Cowan
Michael Routzahn,29,5.97,f,7945914028.50005,Michael,Routzahn
Bertram Eilerman,18,6.18,m,1200529830.3864686,Bertram,Eilerman
Dianne Lucero,22,8.73,f,4801827610.457481,Dianne,Lucero
Barbara Fine,28,4.7,f,1451913861.0468223,Barbara,Fine
Betty Ferreira,25,6.18,f,6309390935.494159,Betty,Ferreira
Charles Jimeson,24,4.34,m,8911988497.400242,Charles,Jimeson
Marta Wang,27,4.33,f,8650710587.41605,Marta,Wang
Travis Stanphill,29,8.21,f,9506425179.57619,Travis,Stanphill
John Ashley,24,6.39,m,7960263937.835225,John,Ashley
John Merkel,28,7.08,m,6216083537.292929,John,Merkel
Josephine Zechman,20,9.64,f,5811179285.368301,Josephine,Zechman
Mark Haven,27,8.27,m,8185246853.676875,Mark,Haven
Carlos London,28,7.19,f,8121435761.714735,Carlos,London
Annemarie Keller,30,7.62,f,5904982539.797362,Annemarie,Keller
Robert Mccollough,24,5.85,m,4383646111.307932,Robert,Mccollough
Harold Slater,21,8.63,m,2936348626.5329814,Harold,Slater
Benjamin Sykes,30,6.9,m,1474036692.2320175,Benjamin,Sykes
Vickie Potter,23,4.77,m,7755298230.062553,Vickie,Potter
Susan Chavis,29,5.89,f,7089030092.095821,Susan,Chavis
Patricia Robinson,18,5.61,m,9154973745.032957,Patricia,Robinson
Florence Smith,21,9.62,f,1240285485.9319904,Florence,Smith
Olimpia Connolly,26,6.06,m,8133595468.505024,Olimpia,Connolly
Robert Stehlik,22,8.79,f,2533088871.9463005,Robert,Stehlik
Harry Mckenzie,24,4.15,f,7397394925.736365,Harry,Mckenzie
Kelly Friel,23,4.44,m,7367174995.17366,Kelly,Friel
Therese Butts,29,8.26,f,8687487446.952648,Therese,Butts
Brian Cole,28,8.75,m,2493462840.119899,Brian,Cole
Michael Zable,30,5.07,m,3031821803.990096,Michael,Zable
Otis Bubar,27,6.14,f,4661515224.491266,Otis,Bubar
John Valdez,25,4.97,f,5724654617.837017,John,Valdez
Denise Tanner,28,8.19,f,6108703035.504522,Denise,Tanner
Catherine Wagner,30,4.32,m,5900250929.735631,Catherine,Wagner
Lorenzo Dayton,22,9.9,f,9172607919.573006,Lorenzo,Dayton
Shelby Martinez,26,5.74,m,4503534380.164999,Shelby,Martinez
Nina Berner,25,9.67,f,8887046856.653393,Nina,Berner
Rachel Bapties,26,8.1,f,5412532497.474218,Rachel,Bapties
Wesley Byron,18,8.03,f,5781970929.970107,Wesley,Byron
Gregory Mccollum,30,9.8,f,3278860585.7620378,Gregory,Mccollum
Diane Brady,29,9.86,f,8725649997.729053,Diane,Brady
Christopher Hahn,21,5.22,f,2736748219.696529,Christopher,Hahn
Dennis Rogers,19,4.47,m,2876952373.620323,Dennis,Rogers
Gerald Hartley,21,5.9,f,8159797523.178359,Gerald,Hartley
Barbara Pagan,23,4.32,m,2470496016.747574,Barbara,Pagan
Trevor Hansen,30,6.03,m,8441941406.1276455,Trevor,Hansen
Don Smith,28,7.32,f,5503498232.016927,Don,Smith
Thomas Hill,26,6.0,m,9689601688.478977,Thomas,Hill
Catina Burgin,29,8.47,f,8228820718.76866,Catina,Burgin
James Moore,23,7.56,f,3058473206.445627,James,Moore
Dorothy Laudat,24,7.63,m,4280895148.3204017,Dorothy,Laudat
Eloise Griner,26,9.36,f,4255361362.018926,Eloise,Griner
Edna Huey,26,7.15,f,3933991488.774988,Edna,Huey
Cheryl Bennett,24,9.01,f,7218916034.339361,Cheryl,Bennett
George Woodard,29,7.87,m,2645522781.212617,George,Woodard
Louis French,28,7.63,f,2842288667.1596203,Louis,French
Ruth Campbell,22,5.99,m,8032407234.297895,Ruth,Campbell
Anna Johansson,26,5.47,f,7481477575.579114,Anna,Johansson
Cindy Christiansen,30,6.47,f,5955053753.966794,Cindy,Christiansen
Buck Buban,23,8.28,m,6742339398.623129,Buck,Buban
Maria Wolfson,29,9.3,m,5134673020.453134,Maria,Wolfson
Joyce Abernathy,21,8.27,f,2813664148.635217,Joyce,Abernathy
Adam Campbell,20,4.88,m,2429336128.647994,Adam,Campbell
Astrid Denoon,25,6.89,f,3718033316.9120893,Astrid,Denoon
Vera Mcdaniel,28,6.77,m,6911856214.838487,Vera,Mcdaniel
Teresa Triplett,20,7.02,f,5231226857.466836,Teresa,Triplett
Stacy Dingle,27,5.94,f,5103580062.826964,Stacy,Dingle
Peter Hutchins,30,4.16,m,9616527375.497787,Peter,Hutchins
Emma Garfield,23,4.24,f,1896147457.3233798,Emma,Garfield
George Ober,19,9.47,m,6908095723.605205,George,Ober
Linda Estrada,21,6.84,m,2047329022.5545702,Linda,Estrada
Jimmy Gee,24,9.77,f,3694724654.67237,Jimmy,Gee
Juanita Kimple,26,5.07,f,9733261655.846647,Juanita,Kimple
Morris Todd,24,7.88,f,5061250955.31025,Morris,Todd
Ruth Minor,30,4.32,m,3191759798.7474747,Ruth,Minor
Hilda Kofford,29,6.36,f,3060722300.4920735,Hilda,Kofford
Jennifer Loftus,27,5.67,m,7091741615.717082,Jennifer,Loftus
Kristy Gilbert,28,6.41,f,5830308599.171907,Kristy,Gilbert
Juan Wall,22,8.08,f,1022454960.6983134,Juan,Wall
Brandy Crockett,29,5.63,f,8080471611.963154,Brandy,Crockett
Stanley Guerrero,27,5.92,f,5023959681.72,Stanley,Guerrero
Kelly Baker,18,5.7,f,1257371747.3171318,Kelly,Baker
Thomas Phelan,29,4.34,f,6346650184.699595,Thomas,Phelan
Sarah Dye,22,7.13,m,8094029768.3254385,Sarah,Dye
Denise Myers,22,8.26,f,8347361340.253057,Denise,Myers
Wallace Lafleur,30,7.25,m,5444857457.252621,Wallace,Lafleur
Esther Yother,18,9.38,m,1899945275.104375,Esther,Yother
Nicole Bussman,20,6.86,m,6760133036.517113,Nicole,Bussman
Edgar Meacham,24,5.6,f,7381033349.525763,Edgar,Meacham
Michael Dorland,27,7.83,m,9739887983.083652,Michael,Dorland
Brenda Baumgartner,25,8.59,f,4852925408.45997,Brenda,Baumgartner
Loretta Bonsall,30,9.93,m,4184133359.574192,Loretta,Bonsall
Arturo Orange,18,4.08,m,4370660598.938503,Arturo,Orange
Larry Sims,22,7.41,f,4177814538.5842338,Larry,Sims
Christopher Greene,28,4.63,f,4244863657.450948,Christopher,Greene
Teresa Owings,28,9.74,f,2186132916.1220517,Teresa,Owings
Linda Herrington,26,5.62,f,9037037280.959759,Linda,Herrington
Dora Hass,28,5.83,m,9135161116.671627,Dora,Hass
Joan Bodo,27,5.42,m,1472718193.010747,Joan,Bodo
Thomas Steel,21,7.04,f,3973932346.411992,Thomas,Steel
Walter Musick,28,4.47,m,5787047057.774781,Walter,Musick
Suzy Williams,18,4.62,f,5874798792.04103,Suzy,Williams
Reginald Wilke,20,5.84,m,1339670546.8099818,Reginald,Wilke
Anthony Gunter,30,4.74,f,3770699809.636996,Anthony,Gunter
Carlyn Harris,18,5.63,m,2891327204.8326435,Carlyn,Harris
Elizabeth Scharf,28,8.47,f,7795287887.282701,Elizabeth,Scharf
Arlinda Kierzewski,26,5.12,m,2718217806.9066525,Arlinda,Kierzewski
Glenn Herren,24,8.62,m,2671687276.610404,Glenn,Herren
Carolyn Weiss,20,6.36,m,7873714529.140801,Carolyn,Weiss
Evelyn Curles,24,6.1,m,1085480116.703492,Evelyn,Curles
Kenneth Chase,25,6.73,f,8670521924.788984,Kenneth,Chase
Sue Carlock,19,6.6,f,2280261982.2084713,Sue,Carlock
Terry Chandler,30,5.21,m,3921429798.490605,Terry,Chandler
Margaret Fahnestock,26,7.08,m,8872966898.907982,Margaret,Fahnestock
Terry Dale,18,7.86,f,9134407489.056221,Terry,Dale
Dorothy Burke,27,5.06,f,9521526582.258553,Dorothy,Burke
John Holm,30,9.92,f,6519749026.312331,John,Holm
Frederick Teel,22,8.66,m,3629145826.470525,Frederick,Teel
Randy Wylie,22,4.58,f,5566316737.441673,Randy,Wylie
Charles Miller,18,6.7,f,9279932013.76786,Charles,Miller
Leslie Johnson,26,6.99,m,4131805290.8918514,Leslie,Johnson
Charlotte Leftwich,30,7.96,m,3903741325.322816,Charlotte,Leftwich
Donald Colantuono,30,4.91,f,6334596895.133679,Donald,Colantuono
Gina Rice,21,7.39,m,3640467833.1691365,Gina,Rice
Ethel Freeman,19,4.38,f,6231793132.155183,Ethel,Freeman
Paul Thrasher,19,5.78,f,3443409616.1331625,Paul,Thrasher
Marci Trimble,21,8.43,m,4119156338.4823174,Marci,Trimble
Lenny Castoe,29,4.36,m,3086168687.6117897,Lenny,Castoe
Melissa Wozniak,20,9.13,m,8444469436.69325,Melissa,Wozniak
Jan Cunningham,30,8.83,m,9245262659.066696,Jan,Cunningham
Daniel Hoobler,23,5.17,f,7405969928.772079,Daniel,Hoobler
Anna Dixon,21,9.46,m,5884586758.74409,Anna,Dixon
Xavier Bishop,28,6.34,f,7099825953.446922,Xavier,Bishop
William Nighman,26,5.07,m,1688389364.820972,William,Nighman
Reinaldo Varrone,28,9.89,f,3770176538.4456587,Reinaldo,Varrone
Gregory Schick,21,5.9,f,5701949254.761771,Gregory,Schick
Kenneth Water,25,4.68,m,1617413549.703073,Kenneth,Water
Ruby Winkler,24,5.61,f,2770707573.3614798,Ruby,Winkler
Michael Weaver,21,7.59,m,3200414043.857535,Michael,Weaver
Mark Jewell,21,9.15,m,8915416405.594402,Mark,Jewell
Mary Buchanon,23,4.51,f,6390908574.932285,Mary,Buchanon
Michelle Mayhugh,25,6.19,f,4235192775.952614,Michelle,Mayhugh
Edna Avery,28,4.73,f,2793481194.70193,Edna,Avery
James Jenkins,23,5.79,m,9352063146.380722,James,Jenkins
Alex Heefner,21,5.12,f,8626215740.945135,Alex,Heefner
Karen Denny,21,4.58,m,1000724312.5734885,Karen,Denny
Matthew Gonzales,22,7.54,f,2287924463.4654875,Matthew,Gonzales
Linda Quella,24,8.31,f,5082711790.537662,Linda,Quella
Lynn Jones,30,5.8,f,8511342779.246542,Lynn,Jones
Darryl Sutton,30,4.43,f,9955153368.393644,Darryl,Sutton
Marietta Ward,28,5.78,f,6828216747.372094,Marietta,Ward
Gregory Knight,18,9.64,f,,Gregory,Knight
Terri Kelly,26,5.45,m,9769232017.984304,Terri,Kelly
Peter Nevills,23,8.13,f,9784435407.515087,Peter,Nevills
Christopher Ouzts,19,9.8,m,2392498362.592036,Christopher,Ouzts
Maxine Zirin,20,6.1,m,1194189988.3636324,Maxine,Zirin
Ruth Young,20,5.34,m,6110379751.69905,Ruth,Young
David Phillies,30,6.85,f,4406259577.882175,David,Phillies
Lisa Sullivan,25,5.55,m,7643735344.014171,Lisa,Sullivan
David Bourque,25,8.96,f,3714501740.916474,David,Bourque
Adrianne Ali,20,6.84,f,6394670868.023701,Adrianne,Ali
Ernest Sommerville,27,4.16,m,2750429239.268527,Ernest,Sommerville
Virginia Price,21,8.39,f,4631387495.058478,Virginia,Price
Leon Morgan,24,5.34,f,9416911316.341942,Leon,Morgan
William Johnson,25,9.86,f,8226030885.814761,William,Johnson
Nicholas Mathes,18,4.47,m,7427929637.012052,Nicholas,Mathes
Alisa Smith,25,7.21,f,2986993893.307184,Alisa,Smith
Yolanda Mays,27,5.57,m,3966342284.59777,Yolanda,Mays
Edith Shaffner,24,5.91,f,5025802761.948147,Edith,Shaffner
William Gonzales,30,6.71,f,7317436279.778887,William,Gonzales
Krista Henley,23,8.14,m,8883655239.405365,Krista,Henley
Yvonne King,19,6.73,m,7673734832.156726,Yvonne,King
Laura Hoffmann,29,6.1,f,7895745297.586193,Laura,Hoffmann
Raymond Brooks,27,9.49,m,8655394560.076523,Raymond,Brooks
Arthur Loveless,30,5.47,f,3277236159.6564426,Arthur,Loveless
Louis Jones,30,5.97,m,3531325086.680223,Louis,Jones
Sabine Smith,26,7.87,f,8821663281.102772,Sabine,Smith
David Hill,21,8.02,f,6342239620.646551,David,Hill
John Gary,21,6.78,m,7392766370.0653715,John,Gary
Johnny Huffman,18,5.98,f,5698516124.541723,Johnny,Huffman
Audrey Williams,18,6.78,m,9376310974.65348,Audrey,Williams
Kelly Rodriguez,19,8.71,m,2952943724.6685877,Kelly,Rodriguez
Keneth Burch,26,5.8,f,1923120228.9272165,Keneth,Burch
Sean Fox,24,7.69,f,2860774101.007902,Sean,Fox
Jan Leclair,22,8.35,f,1453937009.3644524,Jan,Leclair
Eric Feagin,22,8.85,m,6991902960.832637,Eric,Feagin
Armanda Horgan,28,8.4,f,8052461456.827631,Armanda,Horgan
Kenneth Joyce,18,9.62,m,9513256556.270756,Kenneth,Joyce
Maria Breton,22,7.93,f,2392191422.6024437,Maria,Breton
David Parr,21,5.87,f,5925999080.577269,David,Parr
Logan Bartolet,24,7.59,f,5097911445.509586,Logan,Bartolet
Hubert Williams,29,6.88,f,1516854011.4194582,Hubert,Williams
Linda Foulkes,20,9.25,f,5987752703.998857,Linda,Foulkes
Phyllis Thomas,25,9.08,f,1076486217.5006824,Phyllis,Thomas
Lucille Berry,25,8.68,m,4498348274.070595,Lucille,Berry
Frank Beauchesne,24,5.55,f,8118771720.593814,Frank,Beauchesne
Kathryn Brown,19,6.24,m,5193237292.532074,Kathryn,Brown
Marilyn Mathews,29,6.05,m,7404690430.0365095,Marilyn,Mathews
Tim Moscoso,30,8.25,m,3106225043.0317,Tim,Moscoso
William Milligan,20,8.15,f,3950758033.0538545,William,Milligan
Nicholas Hahn,22,7.67,m,8433396833.849928,Nicholas,Hahn
Melinda Ludgate,19,9.48,f,8488886550.463676,Melinda,Ludgate
Theodore Yates,27,7.25,m,2928610654.5777373,Theodore,Yates
Ester Leis,21,6.43,m,5716184880.96697,Ester,Leis
Francis Robinson,27,4.19,f,3698471175.5854115,Francis,Robinson
Tina Bath,26,8.4,f,8214812551.022982,Tina,Bath
Mandy Hambric,29,8.22,f,5210406330.552301,Mandy,Hambric
Jose Martin,21,4.07,f,5605993688.481714,Jose,Martin
Helen Shoemake,24,8.07,m,8364538558.9083805,Helen,Shoemake
Richard Castro,19,4.91,m,3659995794.2252584,Richard,Castro
Willie Lowell,19,9.54,f,1423755857.8106823,Willie,Lowell
Jennie Ramlall,21,4.5,m,3164667409.6953187,Jennie,Ramlall
Karen Gavin,26,7.41,f,7279681979.061426,Karen,Gavin
Michael Mckinnon,28,4.23,m,7147761738.83825,Michael,Mckinnon
Priscilla Roper,20,6.69,f,6664260303.256176,Priscilla,Roper
Jonathan Newsome,18,4.97,m,4142696451.346546,Jonathan,Newsome
Anthony Branch,25,6.3,f,6804892968.772743,Anthony,Branch
Robert Gibson,30,6.59,m,9342629932.30819,Robert,Gibson
Thomas Schade,23,4.16,m,6645483669.352536,Thomas,Schade
Kirby Green,27,7.6,m,6786419800.797874,Kirby,Green
Brian Edwards,18,4.79,m,9671408409.967585,Brian,Edwards
Debra Flores,21,6.25,f,6588948179.525713,Debra,Flores
David Macleod,21,9.12,f,7109648899.461649,David,Macleod
Lois Nelsen,30,5.88,m,8917392021.091843,Lois,Nelsen
Wanda Jones,21,6.75,m,9572835379.167633,Wanda,Jones
Marsha Robinson,18,8.76,f,8963163467.924248,Marsha,Robinson
Nicole Jeffries,28,9.94,f,3269962121.750865,Nicole,Jeffries
Ann Turner,24,6.25,f,7019262725.5134535,Ann,Turner
Agnes Warnock,25,9.38,m,7493834558.332328,Agnes,Warnock
Darlene Wertman,21,9.53,f,6758372185.912734,Darlene,Wertman
Leo Fleming,27,5.88,f,3162783461.98829,Leo,Fleming
Nicholas Maldonado,26,9.73,m,3456560109.9052377,Nicholas,Maldonado
Lanny Mccrary,27,7.31,m,2441909396.187993,Lanny,Mccrary
Lee Walburn,19,5.99,f,1381241107.29785,Lee,Walburn
Grace Souphom,20,4.33,f,6595003144.170877,Grace,Souphom
Thomas Mason,19,8.88,m,7535449662.712161,Thomas,Mason
Dudley Peterson,23,8.5,m,5753600358.262189,Dudley,Peterson
Christopher Rash,23,7.76,f,7059458345.821536,Christopher,Rash
Tracey Kelty,18,7.89,m,9710047249.361073,Tracey,Kelty
Patrick Hickman,22,9.87,f,6146336406.69302,Patrick,Hickman
Roland Charleston,26,9.45,m,3833146583.3003774,Roland,Charleston
Lucia Sherrill,23,8.46,f,5294755465.176588,Lucia,Sherrill
Barbara Buck,27,8.09,m,9565235663.869919,Barbara,Buck
Warren Pereira,26,6.42,f,2671897338.588525,Warren,Pereira
Heather Peterson,28,6.67,m,1835513317.6642041,Heather,Peterson
Jasper Gonzalez,24,6.24,f,1261521651.9734426,Jasper,Gonzalez
Diane Stclair,29,4.53,m,4573616827.197892,Diane,Stclair
Dorothy Gosnell,22,7.31,m,4538153488.611908,Dorothy,Gosnell
Charles Childress,24,9.34,f,5143037316.028406,Charles,Childress
Linda Simmons,23,6.11,f,2601552472.8350744,Linda,Simmons
Todd Netterville,29,5.38,m,5108690060.899905,Todd,Netterville
Rebecca Lamb,25,6.83,f,9063804790.724897,Rebecca,Lamb
Tiffany Erkkila,23,4.52,m,8302755702.127967,Tiffany,Erkkila
Charles Hooper,20,5.09,f,5524058697.658543,Charles,Hooper
Raymond Brickey,19,5.27,m,6770380300.462959,Raymond,Brickey
William Sheehan,22,4.54,f,9334149611.325012,William,Sheehan
Margaret Miller,26,6.83,m,8996746925.70633,Margaret,Miller
Peggy Rael,27,9.0,f,4315462116.607771,Peggy,Rael
Barbara Roy,22,7.19,m,7508612327.409848,Barbara,Roy
Bernice Adams,29,6.98,m,6033782688.500154,Bernice,Adams
Michael Hamel,23,8.97,f,8120472134.716899,Michael,Hamel
Paul Swasey,23,4.92,f,4299248125.534369,Paul,Swasey
Johanna Chavez,28,4.36,m,8541020152.669368,Johanna,Chavez
Gloria Gutierrez,29,6.63,f,1800645754.4921422,Gloria,Gutierrez
Harry Rusher,27,7.69,m,6797870642.960545,Harry,Rusher
Carlos Mcreynolds,19,6.85,f,2550430621.40108,Carlos,Mcreynolds
Susan Peschel,26,9.74,m,3460689336.424312,Susan,Peschel
Margaret Mcguire,19,7.17,f,5967628086.358783,Margaret,Mcguire
John Peralta,22,9.95,m,8657293427.345013,John,Peralta
Barbara Brown,25,4.94,f,5689318693.106708,Barbara,Brown
Dustin Patrick,23,7.01,m,6403300512.137337,Dustin,Patrick
Brian Vargas,28,8.21,m,1294038207.0085964,Brian,Vargas
Rick Capizzi,25,8.9,f,3484510784.0090365,Rick,Capizzi
Lisa Palmieri,29,6.59,f,4554046025.0769205,Lisa,Palmieri
Brenda Sumter,24,7.63,m,9855804224.427668,Brenda,Sumter
Laverne Radford,23,4.97,f,2670507749.5853786,Laverne,Radford
Heather Lish,21,4.08,m,4780741234.469423,Heather,Lish
Jeffrey Deane,18,5.5,f,2727303328.3647785,Jeffrey,Deane
Valerie Woode,27,7.79,m,1568051977.1258621,Valerie,Woode
Benjamin Brown,25,6.53,f,4682029367.670267,Benjamin,Brown
Timothy Armstrong,24,6.16,m,8976662604.311726,Timothy,Armstrong
Krystal Janssen,24,7.73,f,4237432730.995549,Krystal,Janssen
Daniel Bell,30,5.16,m,3971462425.8276334,Daniel,Bell
George Basil,19,6.28,m,1942718668.7779279,George,Basil
Lilian Rocha,26,8.72,f,1376613158.9023166,Lilian,Rocha
Stanley Jackson,26,5.33,f,6668572724.706575,Stanley,Jackson
Christine Franks,30,7.31,m,6682774281.00851,Christine,Franks
Janelle Vecker,18,7.08,f,1192536959.9189105,Janelle,Vecker
Grace Robbins,19,5.24,m,5589907348.194865,Grace,Robbins
Joshua Ream,18,8.18,f,3796164489.131176,Joshua,Ream
Georgia Calaf,20,9.18,m,5746055967.170505,Georgia,Calaf
Rhonda Leona,29,9.24,f,3448319612.8033323,Rhonda,Leona
Charles Schueller,28,5.49,m,1605409041.881771,Charles,Schueller
Leonor Adams,26,6.95,f,9019925084.032473,Leonor,Adams
John Bond,28,9.29,m,4268696933.4559484,John,Bond
Deirdre Marthe,24,7.48,m,5136725913.608993,Deirdre,Marthe
Gene Utley,25,9.94,f,3208160557.0412245,Gene,Utley
Lisa Wilson,20,9.13,f,7648178940.123778,Lisa,Wilson
Catherine Kim,22,9.36,m,4438724682.545521,Catherine,Kim
Randolph Martin,24,8.77,f,5526907342.765795,Randolph,Martin
Velma Jobe,30,4.22,m,4734443418.684437,Velma,Jobe
Naomi Mendosa,21,4.03,f,6818590622.927059,Naomi,Mendosa
William Grove,29,7.01,m,1134712902.3111017,William,Grove
Sandra Hackney,29,5.68,f,1956933085.7503314,Sandra,Hackney
Jennifer Higdon,28,9.61,m,5910106973.085421,Jennifer,Higdon
Tina Tidwell,29,9.4,f,9597070848.030655,Tina,Tidwell
Emily Simpson,30,4.06,m,3035571562.928877,Emily,Simpson
Frank Rasmussen,24,4.51,m,2364676498.875899,Frank,Rasmussen
Lisa Strause,19,6.06,f,2804548894.5478806,Lisa,Strause
Donald Skinner,30,4.61,f,2846613901.214962,Donald,Skinner
Robert Jordan,22,8.48,m,4326736791.569749,Robert,Jordan
Enedina Mcneil,24,5.83,f,4264659987.8357377,Enedina,Mcneil
Nathaniel Boyd,18,5.46,m,3177539660.985818,Nathaniel,Boyd
Clyde Huelskamp,25,4.46,f,6387524184.254247,Clyde,Huelskamp
Lorena Harris,22,6.29,m,9893607114.977543,Lorena,Harris
Walter Ham,25,7.2,f,7976614539.412558,Walter,Ham
Brian Lee,22,8.08,m,4955091482.446997,Brian,Lee
Jason Page,28,9.64,f,5165985290.572403,Jason,Page
Deborah Watt,22,5.58,m,2998614180.6957984,Deborah,Watt
Christopher Zupancic,28,5.5,m,8617377739.128672,Christopher,Zupancic
Helen Perkins,22,7.12,f,2374522808.271658,Helen,Perkins
Nina Aber,23,7.79,f,8410757471.702363,Nina,Aber
Dwight Johnson,30,4.06,m,1718326104.717742,Dwight,Johnson
Allyson Gay,25,8.9,f,9979361611.10039,Allyson,Gay
David Propes,24,7.61,m,3071493745.563678,David,Propes
Sheldon Johnson,29,4.64,f,5192272204.212614,Sheldon,Johnson
Elana Bergeron,19,7.27,m,1341057325.9970546,Elana,Bergeron
Lisa Rowe,19,7.85,f,3397102851.5721703,Lisa,Rowe
William Filmore,18,4.56,m,8901158371.05273,William,Filmore
Angela Stultz,24,7.6,f,9417808695.07024,Angela,Stultz
John Collins,26,5.52,m,9347526080.590603,John,Collins
Thomas Meade,25,4.62,m,6752943490.404512,Thomas,Meade
Ann Lorenz,20,9.85,f,8592321990.492723,Ann,Lorenz
Delphia Clarke,30,9.3,f,3846151056.146501,Delphia,Clarke
Richard Allen,21,4.44,m,6906098713.706875,Richard,Allen
Amelia Costain,29,6.9,f,4620423710.017252,Amelia,Costain
Anisha Bridges,18,6.99,m,4348127536.517285,Anisha,Bridges
Marcus Denson,20,6.42,f,9112227284.667572,Marcus,Denson
Almeda Stamey,25,5.29,m,3128099459.426763,Almeda,Stamey
Cindy Chapman,26,6.77,f,,Cindy,Chapman
Jadwiga Truocchio,25,6.37,m,1190278798.6169465,Jadwiga,Truocchio
Ricky Bergman,18,5.26,f,5780744096.869035,Ricky,Bergman
Jennifer Franz,29,4.82,m,2499232346.7804337,Jennifer,Franz
Brenda Painter,29,8.07,m,7455426068.572592,Brenda,Painter
Robert Hawkins,26,4.92,f,9042844496.385786,Robert,Hawkins
Johnny Alvidrez,30,6.61,f,3626135556.1115246,Johnny,Alvidrez
Meredith Spears,22,8.29,m,5188114830.145868,Meredith,Spears
Kevin Walton,22,5.85,f,4655359627.235998,Kevin,Walton
Dave White,20,7.53,m,1027422608.8882178,Dave,White
Timothy Wagner,24,4.7,f,4163928879.1248856,Timothy,Wagner
Billie Hodge,29,7.17,m,6779615779.052204,Billie,Hodge
Angela Sangi,21,5.22,f,8556114729.182254,Angela,Sangi
Paula Moore,23,6.74,m,6523438732.632801,Paula,Moore
Harold Aguilar,19,5.67,f,5867329532.150291,Harold,Aguilar
Rocky Brooks,19,6.56,m,8065928425.708109,Rocky,Brooks
Rachel Smith,29,9.5,m,2969201417.5941305,Rachel,Smith
Barbara Harry,18,4.24,f,6509250324.545456,Barbara,Harry
Vicki Ricker,25,5.95,f,4056887917.652677,Vicki,Ricker
Terry Carlyle,19,7.24,m,6306627501.918694,Terry,Carlyle
Leslie Hamlin,30,6.67,f,1407138614.2089307,Leslie,Hamlin
Eugene Bunting,20,7.1,m,2765009307.4314613,Eugene,Bunting
Bryan Hickerson,25,4.02,f,3846920777.757767,Bryan,Hickerson
Amanda James,19,8.13,m,8995947104.53378,Amanda,James
Steven Ball,21,7.25,f,8982295271.508009,Steven,Ball
George Surratt,26,6.42,m,4538200372.384304,George,Surratt
Adriana Johnson,22,7.11,f,7754525835.964184,Adriana,Johnson
Rachel Russell,27,6.51,m,5856918824.906786,Rachel,Russell
Rebecca Cully,18,4.83,m,9088131461.005463,Rebecca,Cully
Nancy Landrum,29,7.16,f,1235994099.4058495,Nancy,Landrum
Elizabeth Howard,25,9.4,f,6955840571.338161,Elizabeth,Howard
Clifford Perkins,18,5.68,m,9435877050.203579,Clifford,Perkins
Jonathan Koester,24,4.9,f,8646105133.87557,Jonathan,Koester
Dona Chambers,27,9.43,m,2240617956.9537363,Dona,Chambers
Sandra Schmiedeskamp,26,7.83,f,5828114788.821706,Sandra,Schmiedeskamp
Viola Bailey,22,5.75,m,9052051834.888973,Viola,Bailey
Joseph Head,24,9.97,f,2842343921.8064423,Joseph,Head
Wesley Bouyer,30,9.94,m,7812394234.661879,Wesley,Bouyer
Teresa Jones,19,9.99,f,8992687465.100006,Teresa,Jones
Michael Ginn,24,8.54,m,1853653494.7314348,Michael,Ginn
Rebecca Imfeld,21,4.34,m,3170049937.691591,Rebecca,Imfeld
Cynthia Tippins,29,7.96,f,5295586577.885567,Cynthia,Tippins
Inez Johnson,22,7.49,f,5824813778.813619,Inez,Johnson
Beverly Hertzler,18,4.41,m,9144005539.744768,Beverly,Hertzler
Helen Gloor,21,9.21,f,6583094245.281715,Helen,Gloor
Gail Monahan,21,7.26,m,7623058981.111736,Gail,Monahan
Marla Dodson,20,5.77,f,2323780970.089907,Marla,Dodson
Adele Deemer,22,4.37,m,9040302633.320219,Adele,Deemer
Jim Smith,20,8.18,f,5337490893.970851,Jim,Smith
Julian Gutierrez,22,4.23,m,1949479163.6105366,Julian,Gutierrez
Anna Payne,29,6.15,f,8347472533.721787,Anna,Payne
James Pratka,29,4.13,m,6537801128.809925,James,Pratka
Sheila Linn,26,9.64,m,9193747349.746735,Sheila,Linn
Delphine Yousef,18,8.84,f,5435773946.308806,Delphine,Yousef
Gwendolyn Alvarez,25,4.35,f,6605704963.531532,Gwendolyn,Alvarez
Howard Holloway,19,9.64,m,6698279832.656882,Howard,Holloway
Harry Hanson,19,7.58,f,2719933925.8169365,Harry,Hanson
Bobby Shelton,22,4.72,m,2622402706.423833,Bobby,Shelton
Sara Wood,22,5.16,f,8278337743.248162,Sara,Wood
Michael Toller,29,5.24,m,4206701798.791771,Michael,Toller
Lisa Glover,18,7.62,f,5503934017.084324,Lisa,Glover
Robert Figueroa,24,6.02,m,2799009428.460248,Robert,Figueroa
Margery Turner,21,6.98,f,4246604933.215601,Margery,Turner
Ladonna Guinyard,23,8.56,m,4147758794.2285857,Ladonna,Guinyard
Anthony Sobus,25,9.43,m,2766401127.2641835,Anthony,Sobus
Patrick Ruiz,28,5.32,f,3481731672.6618958,Patrick,Ruiz
Victor Santiago,20,6.31,f,3827776045.5748434,Victor,Santiago
Harry Wages,30,4.19,m,8938411383.015112,Harry,Wages
Celeste Pope,24,8.33,f,4553390726.841391,Celeste,Pope
Royce Hale,28,8.83,m,5243245921.503913,Royce,Hale
Marie Powell,21,6.3,f,4346290906.842902,Marie,Powell
Eva Buske,26,5.29,m,5624065499.938199,Eva,Buske
Mary Ortiz,26,7.25,f,8136765697.924529,Mary,Ortiz
Edward Williams,21,8.56,m,3485626306.9313154,Edward,Williams
William Moore,27,5.99,f,9638896438.944788,William,Moore
Robert Jackson,30,7.9,m,6076211912.36862,Robert,Jackson
Jocelyn Jensen,20,6.64,m,1706913029.3582864,Jocelyn,Jensen
Clayton Williams,26,5.82,f,3473896030.006334,Clayton,Williams
Melinda Bass,19,9.45,f,6200777239.421251,Melinda,Bass
Salvador Kinney,18,5.83,m,7220728683.315854,Salvador,Kinney
Patrick Rios,27,5.74,f,4089749179.2630944,Patrick,Rios
Janice Smith,23,6.43,m,9372950474.765453,Janice,Smith
Wilhelmina Collins,26,9.55,f,5588226351.255344,Wilhelmina,Collins
Mary Skeesick,25,6.26,m,8892206859.545656,Mary,Skeesick
David Diaz,22,9.11,f,5667409661.257881,David,Diaz
Maritza Evans,27,9.8,m,8273110335.619676,Maritza,Evans
Samuel Regan,30,8.45,f,1119470053.001805,Samuel,Regan
Richard Madden,24,8.58,m,5010974948.12636,Richard,Madden
Bertha Boyd,21,6.67,m,6940175600.713045,Bertha,Boyd
Travis Gutierrez,19,5.88,f,4037257625.950143,Travis,Gutierrez
Lisa Bernier,20,7.74,f,4973382016.048917,Lisa,Bernier
Willie Keith,24,7.21,m,1326543221.696419,Willie,Keith
Micheal Scott,21,5.54,f,6408656945.512095,Micheal,Scott
Norma Dixon,19,5.9,m,2737257956.3549137,Norma,Dixon
Angel Rhoades,22,6.66,f,2029144148.192593,Angel,Rhoades
May Avent,27,4.22,m,9334064242.326954,May,Avent
Thad Banks,25,4.44,f,2740711529.880727,Thad,Banks
Marlene Leonard,22,5.2,m,6766410107.227972,Marlene,Leonard
Cora Fahey,23,7.37,f,7992854148.4311075,Cora,Fahey
Bessie Trivedi,26,8.6,m,4501571998.863989,Bessie,Trivedi
Harold Delgado,30,6.31,m,2300883384.741275,Harold,Delgado
Nicole Larkin,22,8.27,f,8836198773.776928,Nicole,Larkin
Henry Ferrell,20,6.99,m,4246423091.3030434,Henry,Ferrell
Holly White,27,7.29,f,3581553941.9615045,Holly,White
Ryan Digeorgio,26,5.82,m,2039546826.9274914,Ryan,Digeorgio
Floyd Anderson,20,7.22,f,2424741486.945982,Floyd,Anderson
Robert Cahill,28,4.58,m,2563572147.155323,Robert,Cahill
Lori Villegas,24,9.77,f,9561507153.225067,Lori,Villegas
Jennifer Maxie,30,6.87,m,7944019557.357374,Jennifer,Maxie
Cindy Frazier,30,7.0,f,1162051813.4564872,Cindy,Frazier
Jerome Harper,18,7.09,m,4057889690.163614,Jerome,Harper
Christopher Luna,19,9.31,m,8201461564.383293,Christopher,Luna
David Valdez,20,8.7,f,7775329287.007694,David,Valdez
Ted Anderson,28,4.15,f,2593679674.5940905,Ted,Anderson
Marie Marn,18,4.53,m,9865628308.359924,Marie,Marn
James Doyle,18,5.98,f,6650002050.171548,James,Doyle
Jerry Pinner,29,5.0,m,3404464096.5376315,Jerry,Pinner
Eileen Fata,19,8.18,f,4155685133.022607,Eileen,Fata
Gary Simmons,21,8.49,m,5789010720.758908,Gary,Simmons
Willie Haven,29,5.16,f,1959239683.0838423,Willie,Haven
John Meyer,29,8.28,m,6701758625.344041,John,Meyer
Leola Murphy,25,8.96,f,7426145071.157625,Leola,Murphy
Nina Baker,23,5.73,m,1862125804.710923,Nina,Baker
Edwin Zeger,30,7.64,m,3255126812.5729833,Edwin,Zeger
Mildred Perkins,24,6.81,f,8662194481.243704,Mildred,Perkins
Yong Reaid,26,8.31,f,1431115377.0140755,Yong,Reaid
Lynn Walker,28,8.42,m,2180124274.356612,Lynn,Walker
Jason Yates,19,7.55,f,7836628812.082535,Jason,Yates
Cedric Wallace,29,4.08,m,4131705340.7585588,Cedric,Wallace
Anne Reedy,21,4.15,f,4178469668.6813684,Anne,Reedy
Ricky Tetreault,26,6.0,m,5864332206.059704,Ricky,Tetreault
Gary Littleton,22,6.69,f,5227677140.446285,Gary,Littleton
Brian Deubler,28,6.52,m,4672906991.994648,Brian,Deubler
Adrian Colvin,29,6.69,f,4147674984.8567777,Adrian,Colvin
Eleanor Schroder,21,7.5,m,5080078771.594892,Eleanor,Schroder
Jean Gethers,28,6.89,m,4291479138.7418013,Jean,Gethers
Matthew Kim,23,8.1,f,4837700669.021777,Matthew,Kim
Jennifer Mclean,19,4.71,f,3302618490.0818143,Jennifer,Mclean
Jesus Weckerly,25,9.68,m,5047503515.498729,Jesus,Weckerly
Michael Boyd,20,4.94,f,2620759563.455983,Michael,Boyd
Michael Chavarria,28,6.47,m,7030723008.346986,Michael,Chavarria
Sydney Anderson,30,7.15,f,7934074816.476795,Sydney,Anderson
William Julius,28,6.29,m,6021732188.498547,William,Julius
Richard Meza,19,6.99,f,8705815896.337158,Richard,Meza
Katherine Roche,28,7.13,m,9174568489.34806,Katherine,Roche
Jacob Figgs,22,6.28,f,6406465534.979543,Jacob,Figgs
Thomas Weimer,29,4.32,m,6232569893.5146055,Thomas,Weimer
Willie Mcgurk,19,5.99,m,2408777774.6896152,Willie,Mcgurk
Minnie Cook,28,7.51,f,6337192383.021062,Minnie,Cook
Loretta Molina,21,8.69,f,2441277053.243082,Loretta,Molina
James Harris,24,4.44,m,4865546348.743479,James,Harris
John Lyons,21,5.78,f,5457961770.29817,John,Lyons
Annie Krings,21,7.61,m,7437856678.650565,Annie,Krings
Carrie Ontiveros,19,4.73,f,2355686657.299999,Carrie,Ontiveros
Marie Clausen,24,4.55,m,7790407831.837995,Marie,Clausen
Robert Hung,23,5.55,f,2218231662.8463154,Robert,Hung
Wesley Shah,23,6.91,m,1001313615.8095213,Wesley,Shah
Frank Lopez,30,6.66,f,5100064318.038972,Frank,Lopez
Albert Coral,25,7.12,m,3272239171.9250402,Albert,Coral
Kristine Harvey,22,4.83,m,8573338619.23279,Kristine,Harvey
Arlene Bauer,29,8.29,f,8489352604.919871,Arlene,Bauer
Connie Figueroa,23,9.86,f,8182123647.841781,Connie,Figueroa
Tom Bishop,27,4.48,m,9241523288.107073,Tom,Bishop
James Harrison,19,5.6,f,8180553130.016725,James,Harrison
Sheila Stier,30,5.88,m,6446748992.108175,Sheila,Stier
Pearl Mckenna,26,9.45,f,7454122966.170722,Pearl,Mckenna
Casey Williams,25,7.92,m,6819050479.607356,Casey,Williams
Yvette Heard,26,4.48,f,1393070425.8370464,Yvette,Heard
Paul Paneto,28,4.97,m,2808010673.957158,Paul,Paneto
Christopher Iniguez,18,7.78,f,1402552228.0458562,Christopher,Iniguez
Sheila Hudson,29,5.37,m,3728837413.500949,Sheila,Hudson
Marilyn Sexton,21,5.97,m,6829077220.241044,Marilyn,Sexton
Eric Marchetti,28,5.47,f,3725281424.6305366,Eric,Marchetti
Veronica Benz,26,7.59,f,9299304063.44997,Veronica,Benz
Mackenzie Horta,24,8.8,m,1563120336.8539078,Mackenzie,Horta
Nellie Cunningham,23,7.64,f,6825388380.4896,Nellie,Cunningham
Teresa Valiente,28,8.89,m,4863752414.336901,Teresa,Valiente
Kate Pospicil,29,8.75,f,9512409690.708637,Kate,Pospicil
Lawrence Mccullough,27,5.51,m,2093454744.982356,Lawrence,Mccullough
Robert Hannan,23,7.27,f,2138488344.5487475,Robert,Hannan
Paul Miyoshi,18,5.05,m,6280318828.216469,Paul,Miyoshi
Rebekah Leonardo,18,7.68,f,6030306365.987974,Rebekah,Leonardo
Lillian Sanders,26,4.7,m,6045392408.362379,Lillian,Sanders
Russell Tran,21,5.76,m,3916950593.9309425,Russell,Tran
Charles Fletcher,30,6.28,f,8255092315.577666,Charles,Fletcher
Sibyl Barthelemy,18,7.47,f,3552477641.1111627,Sibyl,Barthelemy
Trena Head,23,4.02,m,8461133510.266712,Trena,Head
Tracy Hogan,25,4.2,f,4477737533.179731,Tracy,Hogan
Christopher Scott,24,5.07,m,4382910825.28343,Christopher,Scott
Peter Langenfeld,19,6.97,f,7392390679.068592,Peter,Langenfeld
Sara Miller,21,7.37,m,3440663123.263562,Sara,Miller
Flora Allen,20,9.37,f,9915284443.012537,Flora,Allen
Sarah Figueiredo,27,8.94,m,2501602577.4778395,Sarah,Figueiredo
Ronald Gotay,21,9.74,f,2414814682.2811475,Ronald,Gotay
Maryanne White,22,8.68,m,4583928253.1581745,Maryanne,White
Bettie Illsley,28,6.84,m,1438441756.0521705,Bettie,Illsley
Margaret Eychaner,19,5.1,f,2479891776.758439,Margaret,Eychaner
Frank Stevens,22,5.81,f,8089930673.806837,Frank,Stevens
Anthony Huie,19,5.69,m,3092934433.639037,Anthony,Huie
Jason Wainwright,20,7.13,f,4765956994.439739,Jason,Wainwright
Kenneth Robles,18,9.21,m,7628409758.55238,Kenneth,Robles
Chad Barnes,27,7.81,f,1493009763.6708214,Chad,Barnes
Kelly Holcomb,29,4.03,m,8344572075.895249,Kelly,Holcomb
Ruby Astin,28,4.1,f,6023266391.764393,Ruby,Astin
Laurie Marshall,20,5.71,m,4943918508.991451,Laurie,Marshall
Melanie Kath,20,8.14,f,6720605212.202855,Melanie,Kath
Jessica Dubose,26,9.98,m,4937209371.8797455,Jessica,Dubose
George Wofford,25,9.36,m,1565315441.9488378,George,Wofford
Elizabeth Hollyday,23,4.1,f,7497695061.62245,Elizabeth,Hollyday
Gloria Gilreath,29,5.5,f,3757324452.7936087,Gloria,Gilreath
Kathleen Pruitt,24,4.43,m,5136064382.426608,Kathleen,Pruitt
James Bohman,20,6.95,f,7711221884.822613,James,Bohman
John Ferreira,28,4.88,m,8594087795.79254,John,Ferreira
Everett Mccollough,28,5.82,f,1722235319.757828,Everett,Mccollough
Phyliss Wood,21,4.47,m,6054489709.980989,Phyliss,Wood
Jamie Wood,22,5.31,f,1448486459.39571,Jamie,Wood
Ralph Finwall,30,8.17,m,7446074621.292005,Ralph,Finwall
Florence Lile,30,6.29,f,4522424663.909285,Florence,Lile
Geraldine Nelson,22,9.52,m,7882459973.9693165,Geraldine,Nelson
Robin Santiago,27,9.74,m,8471562466.008341,Robin,Santiago
Maureen Daugherty,18,9.49,f,7530478257.8697,Maureen,Daugherty
Matthew Grogan,28,7.05,f,7430443904.926924,Matthew,Grogan
James Ryan,25,9.54,m,6007147768.642277,James,Ryan
Brian Christiansen,24,4.82,f,1906836425.7007637,Brian,Christiansen
Sondra Bui,21,9.7,m,8011674096.213198,Sondra,Bui
Janice Luna,21,7.6,f,5552812477.734877,Janice,Luna
Roger Felton,20,9.08,m,7136315264.602147,Roger,Felton
Gregory Harris,28,9.96,f,6647432642.491481,Gregory,Harris
Jewell Pate,22,5.3,m,5300302769.049829,Jewell,Pate
Antionette Blaydes,22,8.9,f,8244964743.085218,Antionette,Blaydes
Lisa Harrison,23,8.22,m,7368673296.246462,Lisa,Harrison
Avery Chestnut,24,4.15,m,5969339507.446566,Avery,Chestnut
Alfred Mendez,29,9.9,f,1695060535.6297698,Alfred,Mendez
Loretta Sullivan,20,7.7,f,7283254060.409204,Loretta,Sullivan
Matthew Fischer,22,6.28,m,8025678920.406008,Matthew,Fischer
Fred Mckane,19,5.32,f,6897046219.428148,Fred,Mckane
Aaron Netolicky,30,9.48,m,7299902800.203231,Aaron,Netolicky
Mark Phillips,22,6.4,f,4474641608.519598,Mark,Phillips
Curtis Aiello,19,5.2,m,3257609054.5216174,Curtis,Aiello
Karen Spalding,29,9.24,f,5662722240.376623,Karen,Spalding
Angelita Williamson,18,7.66,m,8054344333.390596,Angelita,Williamson
Rita Peterson,22,5.52,f,3813216151.435481,Rita,Peterson
William Childs,18,9.05,m,6693789741.751351,William,Childs
Jackie Hummel,26,5.33,m,7149967396.353277,Jackie,Hummel
Lance Cainne,28,6.21,f,6154153254.401949,Lance,Cainne
James Moore,22,7.15,f,4022840182.8605947,James,Moore
Bambi Sholders,22,5.03,m,2740229616.274728,Bambi,Sholders
Pamela Collins,24,6.44,f,6797068026.446553,Pamela,Collins
John Gray,26,5.99,m,4711467335.588753,John,Gray
Cynthia Greene,30,4.37,f,1498392761.04238,Cynthia,Greene
Lori Hennemann,20,6.25,m,3345774226.566062,Lori,Hennemann
Thomas Scruggs,23,4.82,f,3255880745.17993,Thomas,Scruggs
Hattie Dougherty,20,4.15,m,9411242747.186113,Hattie,Dougherty
Justin Mckenney,28,7.39,f,7928995530.202941,Justin,Mckenney
Mark Shippey,28,9.87,m,2145069774.1408694,Mark,Shippey
George Berti,19,4.11,m,3177742111.052741,George,Berti
Sheila Miranda,29,9.19,f,1980649526.436679,Sheila,Miranda
Gloria Kline,19,5.55,f,4268565236.9343576,Gloria,Kline
Ardith Thomas,18,4.24,m,5448557709.670616,Ardith,Thomas
Raymond Gagnon,24,6.08,f,2710762578.199768,Raymond,Gagnon
Pamela Goehner,20,6.97,m,5774761163.700866,Pamela,Goehner
Julia Jackson,27,5.56,f,5822164066.649227,Julia,Jackson
Jan Arndt,29,5.03,m,5821433089.398038,Jan,Arndt
James Rivera,29,6.2,f,3839964962.1219473,James,Rivera
Jennifer Dullea,24,4.31,m,9985176612.286295,Jennifer,Dullea
Laura Norris,21,9.02,f,3866253021.448219,Laura,Norris
Amy Marshall,19,9.72,m,7361490231.711772,Amy,Marshall
Todd Wayman,26,6.5,m,4483062912.178917,Todd,Wayman
Louis Parson,29,8.36,f,1510105953.0109448,Louis,Parson
Charles Hawley,24,4.08,f,4619654365.858557,Charles,Hawley
Tammy Munday,25,5.14,m,9532687307.717842,Tammy,Munday
Dawn Oconor,20,9.64,f,3332736091.1773505,Dawn,Oconor
Ila Tobin,27,5.46,m,7482471905.134095,Ila,Tobin
Gloria Gaffney,22,9.37,f,8734921783.30661,Gloria,Gaffney
Francis Fletcher,20,4.38,m,3078602570.0385566,Francis,Fletcher
Tammy Perry,29,9.07,f,8240444677.022049,Tammy,Perry
Robert Carrera,26,5.26,m,4469018423.151771,Robert,Carrera
Sharron Ellis,24,4.94,f,5854265358.497675,Sharron,Ellis
Sheila Taylor,26,9.59,m,2218614971.601364,Sheila,Taylor
Richard Eaddy,22,7.86,m,4002717847.562319,Richard,Eaddy
Billy Chrisman,28,7.46,f,1457322664.4382021,Billy,Chrisman
Dorothy Daugherty,23,9.13,f,8263777271.98206,Dorothy,Daugherty
Paul Colon,29,7.21,m,4015649673.2613487,Paul,Colon
Justin Mann,30,4.81,f,3159561273.543015,Justin,Mann
Michelle Torres,29,6.33,m,4089947541.6611853,Michelle,Torres
Timothy Mercado,28,6.59,f,4262304061.071218,Timothy,Mercado
Christopher Frank,25,8.15,m,5726958853.71566,Christopher,Frank
Johnnie Evans,18,8.86,f,2194063619.655382,Johnnie,Evans
Jean Carter,18,7.11,m,5675864879.241099,Jean,Carter
Matthew Mcdearmont,22,6.88,f,9905290538.23564,Matthew,Mcdearmont
Dorothy Yeager,30,4.86,m,,Dorothy,Yeager
Ruth Rhodes,24,6.86,m,1165642564.4983792,Ruth,Rhodes
James Powers,25,6.07,f,3897847462.739906,James,Powers
Nell Dyson,29,5.27,f,7560844456.118232,Nell,Dyson
Edward Bailey,27,6.71,m,5673968815.722406,Edward,Bailey
Diana Patton,23,6.92,f,5616277591.408825,Diana,Patton
Barbara Copeland,19,9.27,m,4989797398.700945,Barbara,Copeland
Clarence Cerverizzo,30,4.0,f,9662712410.785643,Clarence,Cerverizzo
Daniel Lloyd,20,6.62,m,3784462119.1058497,Daniel,Lloyd
Jeffrey Maxcy,24,4.25,f,7783085660.256699,Jeffrey,Maxcy
Brian Heidinger,20,7.28,m,2941843944.5227127,Brian,Heidinger
Howard Haitz,23,6.78,f,3191761707.4675746,Howard,Haitz
Barbara Leroy,27,8.85,m,8197773860.959631,Barbara,Leroy
Doris Scantling,26,5.97,m,3634140865.328774,Doris,Scantling
Richard Caruthers,24,5.54,f,5826464051.42511,Richard,Caruthers
Mabel Dorch,27,4.56,f,6769669650.49012,Mabel,Dorch
Yolanda Conner,27,9.08,m,2803709571.1526775,Yolanda,Conner
Susan Haley,26,7.99,f,3833060094.9202614,Susan,Haley
Brenda Scott,22,4.09,m,6887681779.085095,Brenda,Scott
George Lawless,24,9.48,f,2407940126.1902037,George,Lawless
Richard Snider,18,9.99,m,6846142524.536173,Richard,Snider
Florence Sooter,29,7.92,f,4106348755.6797776,Florence,Sooter
Ann Sorensen,19,5.1,m,2956517523.4442215,Ann,Sorensen
Debbie Feazel,24,7.95,f,9087984691.25127,Debbie,Feazel
Blaine Gust,22,5.42,m,5431270645.6355505,Blaine,Gust
Gerald Gomez,21,9.62,m,8593624176.661077,Gerald,Gomez
Daniel Wilson,25,9.46,f,7385434807.278392,Daniel,Wilson
George Lapointe,28,5.96,f,6941071900.844448,George,Lapointe
Brian Darrow,28,5.92,m,7260144105.211509,Brian,Darrow
Edward Jarvie,27,5.1,f,8527511967.028539,Edward,Jarvie
John Paolucci,26,7.67,m,2637483672.2417507,John,Paolucci
Don Dryden,20,5.94,f,4273250935.5630765,Don,Dryden
Tonya Sculley,29,4.54,m,4369797942.30064,Tonya,Sculley
William Erling,27,5.14,f,3536615413.581144,William,Erling
Annie Maddox,26,9.59,m,1756393633.2559013,Annie,Maddox
James Purcell,19,7.58,f,1772424730.989374,James,Purcell
Theresa Morgan,26,9.03,m,4413415262.44578,Theresa,Morgan
Sean Dieteman,27,5.96,m,1627824854.1853638,Sean,Dieteman
Joyce Robison,19,5.89,f,6287319983.202851,Joyce,Robison
Larissa Stalling,23,7.82,f,6331317207.198139,Larissa,Stalling
Thomas Ramos,23,6.96,m,5910486368.65126,Thomas,Ramos
Kimberly Tarver,29,4.65,f,4861580895.623733,Kimberly,Tarver
Louie Unrein,30,4.43,m,9706166191.749546,Louie,Unrein
Miguel Bertalan,27,8.19,f,9296763294.519686,Miguel,Bertalan
Brian Perkins,29,6.69,m,8905632446.584122,Brian,Perkins
Brittney Muller,24,8.6,f,3895052467.0479584,Brittney,Muller
Terry Gillikin,19,6.92,m,5623386200.533025,Terry,Gillikin
Lela Sanders,25,4.36,f,9848577659.559113,Lela,Sanders
Herman Mcavoy,30,8.17,m,1461611987.2982233,Herman,Mcavoy
Robert Ange,21,6.82,m,6236345009.313309,Robert,Ange
Stephanie Ramirez,21,6.33,f,6336807454.799741,Stephanie,Ramirez
Noah Minton,25,9.62,f,7686766980.161135,Noah,Minton
Cynthia Wood,24,6.47,m,2563071916.6437993,Cynthia,Wood
Sue Mahon,28,6.82,f,8081104669.444241,Sue,Mahon
Lisa Robards,25,5.33,m,7194800388.599188,Lisa,Robards
John Jones,28,8.42,f,1726510272.5522852,John,Jones
Roger Williams,26,9.39,m,8212575376.9734,Roger,Williams
Thomas Black,20,9.29,f,2454362180.4455085,Thomas,Black
Leonore Mcmillian,23,5.66,m,4447089849.148226,Leonore,Mcmillian
Betty Mccoy,19,7.76,f,8274835045.686468,Betty,Mccoy
Janice Sousa,21,5.0,m,6097032255.544671,Janice,Sousa
Emma Mottillo,24,8.7,m,9386492012.723364,Emma,Mottillo
Kristi Swanson,19,6.24,f,5852363574.437797,Kristi,Swanson
Ann Eaton,27,8.44,f,4527243891.179044,Ann,Eaton
Olive Williams,28,6.54,m,5600323603.465753,Olive,Williams
Paul Rio,27,8.65,f,9519917170.479057,Paul,Rio
Earl Horan,26,6.6,m,3126268664.7869654,Earl,Horan
Linda Mckoy,25,8.06,f,9500889162.364302,Linda,Mckoy
Kevin Brown,23,5.38,m,3977092044.5655403,Kevin,Brown
Jack Meza,26,7.07,f,6083875093.481166,Jack,Meza
Joe Smith,28,7.27,m,1293494594.7954419,Joe,Smith
Don Knox,19,8.12,m,7645144218.685053,Don,Knox
Teresa Robotham,26,6.3,f,8520400613.069301,Teresa,Robotham
Maryjane Shafer,21,7.26,f,2042904150.1507807,Maryjane,Shafer
Estella Neubauer,24,5.14,f,1648650554.3140216,Estella,Neubauer
Cassandra Maldonado,25,9.95,f,7315700843.317522,Cassandra,Maldonado
Sherry Bean,26,4.03,f,5079480598.5876465,Sherry,Bean
Leonard Jackson,23,8.03,m,7245566339.217387,Leonard,Jackson
James Mills,19,5.35,m,5237909327.2167,James,Mills
Kristen Keri,19,6.44,f,9133964072.604912,Kristen,Keri
Angelo Landrum,28,4.93,m,1748313049.4386134,Angelo,Landrum
Dora Swarr,22,4.18,f,3045049609.5231256,Dora,Swarr
Diane Laird,20,6.12,f,8242180850.730939,Diane,Laird
Darren Charbonneau,27,4.84,m,6944564683.061537,Darren,Charbonneau
Barbara Lambert,28,5.43,f,2342775196.0295715,Barbara,Lambert
Mark Waits,30,5.81,m,4816255420.66419,Mark,Waits
Ann Mondragon,19,5.76,f,6303405298.351719,Ann,Mondragon
Michelle Oneal,23,5.51,f,3655711518.0918283,Michelle,Oneal
Carl Campbell,25,9.82,m,3625729887.0078335,Carl,Campbell
Alice Digangi,27,4.55,m,5787058556.893565,Alice,Digangi
Frances Nez,30,9.64,m,8438794356.9488735,Frances,Nez
Amber Wilson,24,8.96,m,6953801751.44769,Amber,Wilson
Maria Ceraos,27,4.26,f,3159069766.4054966,Maria,Ceraos
Jennifer Turner,29,4.33,m,3130592191.742056,Jennifer,Turner
Larry Smith,29,5.43,f,5101172539.260412,Larry,Smith
Daniel Dumar,28,9.07,m,9999049985.25093,Daniel,Dumar
Mary Macdonald,22,6.04,f,3212002238.5055094,Mary,Macdonald
Johnnie Yepez,29,6.35,f,5541879822.227023,Johnnie,Yepez
Stella Hallmark,20,7.76,m,3604722993.0073833,Stella,Hallmark
Jimmy Dunnaway,27,4.87,f,4752059136.119427,Jimmy,Dunnaway
Hilda Bohlke,23,7.34,m,6063998094.72112,Hilda,Bohlke
Robert Maines,18,8.81,m,3421000522.7683406,Robert,Maines
Richard Shackleford,19,8.86,f,9073263698.553898,Richard,Shackleford
Shane Machesky,24,8.83,f,7202689927.736869,Shane,Machesky
Rodolfo Maldonado,18,7.97,f,7990739598.40711,Rodolfo,Maldonado
Connie Butler,29,4.52,m,4451079210.702748,Connie,Butler
Michael Kath,19,9.28,f,8203852661.527393,Michael,Kath
Josephine Newbury,21,7.71,m,1634320275.0713673,Josephine,Newbury
Martha Burton,24,8.0,f,5940294729.620491,Martha,Burton
Evelyn Johnson,24,8.18,f,9608098980.461067,Evelyn,Johnson
Renee Munn,27,8.84,f,5396403991.792156,Renee,Munn
Brenna Szymansky,29,7.99,f,7243833251.065836,Brenna,Szymansky
Luz Roseboro,29,8.46,f,8617499005.82225,Luz,Roseboro
Heather Garcia,28,9.98,f,8488429845.905436,Heather,Garcia
Anita Tudor,26,5.05,m,9021012395.392307,Anita,Tudor
Eddie Shiels,30,9.1,f,6652129046.452968,Eddie,Shiels
Edwin Broadwell,24,7.35,m,1131993455.929897,Edwin,Broadwell
Corinne Hamblin,22,8.88,m,1001615970.0267148,Corinne,Hamblin
Connie Berry,24,7.87,m,7760454105.419667,Connie,Berry
Larry Fields,22,4.37,f,4498608412.487289,Larry,Fields
Amber Wallin,18,9.29,m,3240524549.058793,Amber,Wallin
Richard Somers,27,4.48,f,2591481797.970537,Richard,Somers
Steve Williams,27,7.52,m,3585955785.3608446,Steve,Williams
Lee Davis,30,9.91,m,5542802143.464076,Lee,Davis
Alice Hudson,21,9.25,f,2153182747.789818,Alice,Hudson
Elissa Sinclair,29,7.02,f,2718015895.867629,Elissa,Sinclair
Anita Mcpherson,21,5.13,f,6604409979.853809,Anita,Mcpherson
Jackie Johnson,30,9.15,f,4547964732.927147,Jackie,Johnson
Howard Smoot,30,7.52,m,,Howard,Smoot
Robert Gonzalez,28,7.91,m,1121824341.0733426,Robert,Gonzalez
Leticia Wright,21,5.72,f,4669747908.922,Leticia,Wright
Carl Olson,24,6.19,m,1041025345.6788365,Carl,Olson
Evelyn Daniels,19,4.54,f,8209782923.467332,Evelyn,Daniels
Robert Hatley,25,4.39,m,5334973696.447592,Robert,Hatley
Kelly Stewart,29,4.5,f,9452816614.620247,Kelly,Stewart
Logan Pruitt,18,7.63,m,3029672558.1641684,Logan,Pruitt
Tammy Wong,30,6.13,f,8037505989.931215,Tammy,Wong
Henry Quinton,24,9.51,m,3224784364.4645014,Henry,Quinton
Stanley Monteleone,30,4.76,m,9792395707.605047,Stanley,Monteleone
Harry Neher,28,9.4,m,3074548655.2268467,Harry,Neher
Jason Rossetti,23,7.23,m,2168085069.6846824,Jason,Rossetti
Emma Marcus,26,5.36,f,5652613487.610302,Emma,Marcus
Lindsey Cummings,18,6.88,f,2204191935.4748554,Lindsey,Cummings
Miguel Guinn,25,5.41,m,7690515806.27861,Miguel,Guinn
James Herring,27,5.65,m,3862376667.721076,James,Herring
Glenda Cisneros,21,7.86,f,5316844098.231982,Glenda,Cisneros
Gladys Purdom,29,9.43,f,8493206418.317105,Gladys,Purdom
Marjorie Rapelyea,25,6.85,f,4021796220.869587,Marjorie,Rapelyea
Malcolm Smith,30,6.78,m,8298886039.58648,Malcolm,Smith
Erica Broussard,19,8.73,f,1736923449.9256718,Erica,Broussard
Emma Mcbride,19,7.36,f,9575967989.668125,Emma,Mcbride
Raymond Soileau,18,7.27,m,7874957483.083137,Raymond,Soileau
Rikki Gomes,30,7.19,m,3151883595.4151278,Rikki,Gomes
Thomas Spaur,29,6.4,m,9640849278.765133,Thomas,Spaur
Gabrielle Szmidt,29,8.41,m,1578904865.1573513,Gabrielle,Szmidt
Justin Gonzales,24,7.66,m,6033718081.481688,Justin,Gonzales
